{"0": [0.06973058637083994, 0.5015242930548486], "0.1": [0.09370047543581617, 0.5173203109917727], "0.2": [0.1055863708399366, 0.46869980319668014], "2": [3.509706814580032, 4.95202912993073], "25": [34.93958003169572, 11.926169514999721], "0.3": [0.3555863708399366, 0.47873803470505055], "0.4": [49.479001584786054, 78.26815733729539], "0.5": [0.654120443740095, 0.81860841277104], "0.6": [0.19770206022187004, 0.39830564065297963], "0.7": [0.8094294770206022, 0.6722250354567232], "1": [0.4869255150554675, 0.4998785435985826]}